2008,1,1,6:58,5:58
2008,1,2,6:58,5:59
2008,1,3,6:59,5:59
2008,1,4,6:59,6:00
2008,1,5,6:59,6:00
2008,1,6,7:00,6:01
2008,1,7,7:00,6:02
2008,1,8,7:00,6:02
2008,1,9,7:00,6:03
2008,1,10,7:00,6:04
2008,1,11,7:01,6:04
2008,1,12,7:01,6:05
2008,1,13,7:01,6:06
2008,1,14,7:01,6:06
2008,1,15,7:01,6:07
2008,1,16,7:01,6:08
2008,1,17,7:01,6:08
2008,1,18,7:01,6:09
2008,1,19,7:01,6:09
2008,1,20,7:01,6:10
2008,1,21,7:01,6:11
2008,1,22,7:01,6:11
2008,1,23,7:01,6:12
2008,1,24,7:01,6:13
2008,1,25,7:01,6:13
2008,1,26,7:00,6:14
2008,1,27,7:00,6:14
2008,1,28,7:00,6:15
2008,1,29,7:00,6:16
2008,1,30,7:00,6:16
2008,1,31,6:59,6:17
2008,2,1,6:59,6:17
2008,2,2,6:59,6:18
2008,2,3,6:58,6:18
2008,2,4,6:58,6:19
2008,2,5,6:58,6:20
2008,2,6,6:57,6:20
2008,2,7,6:57,6:21
2008,2,8,6:57,6:21
2008,2,9,6:56,6:22
2008,2,10,6:56,6:22
2008,2,11,6:55,6:23
2008,2,12,6:55,6:23
2008,2,13,6:54,6:24
2008,2,14,6:54,6:24
2008,2,15,6:53,6:24
2008,2,16,6:53,6:25
2008,2,17,6:52,6:25
2008,2,18,6:52,6:26
2008,2,19,6:51,6:26
2008,2,20,6:50,6:27
2008,2,21,6:50,6:27
2008,2,22,6:49,6:27
2008,2,23,6:48,6:28
2008,2,24,6:48,6:28
2008,2,25,6:47,6:29
2008,2,26,6:46,6:29
2008,2,27,6:46,6:29
2008,2,28,6:45,6:30
2008,2,29,6:44,6:30
2008,3,1,6:44,6:30
2008,3,2,6:43,6:31
2008,3,3,6:42,6:31
2008,3,4,6:41,6:31
2008,3,5,6:41,6:32
2008,3,6,6:40,6:32
2008,3,7,6:39,6:32
2008,3,8,6:38,6:32
2008,3,9,6:37,6:33
2008,3,10,6:37,6:33
2008,3,11,6:36,6:33
2008,3,12,6:35,6:34
2008,3,13,6:34,6:34
2008,3,14,6:33,6:34
2008,3,15,6:32,6:34
2008,3,16,6:32,6:35
2008,3,17,6:31,6:35
2008,3,18,6:30,6:35
2008,3,19,6:29,6:35
2008,3,20,6:28,6:36
2008,3,21,6:27,6:36
2008,3,22,6:27,6:36
2008,3,23,6:26,6:36
2008,3,24,6:25,6:37
2008,3,25,6:24,6:37
2008,3,26,6:23,6:37
2008,3,27,6:22,6:37
2008,3,28,6:21,6:38
2008,3,29,6:21,6:38
2008,3,30,6:20,6:38
2008,3,31,6:19,6:38
2008,4,1,6:18,6:39
2008,4,2,6:17,6:39
2008,4,3,6:16,6:39
2008,4,4,6:16,6:39
2008,4,5,6:15,6:40
2008,4,6,7:14,7:40
2008,4,7,7:13,7:40
2008,4,8,7:12,7:40
2008,4,9,7:12,7:41
2008,4,10,7:11,7:41
2008,4,11,7:10,7:41
2008,4,12,7:09,7:42
2008,4,13,7:08,7:42
2008,4,14,7:08,7:42
2008,4,15,7:07,7:42
2008,4,16,7:06,7:43
2008,4,17,7:05,7:43
2008,4,18,7:05,7:43
2008,4,19,7:04,7:43
2008,4,20,7:03,7:44
2008,4,21,7:02,7:44
2008,4,22,7:02,7:44
2008,4,23,7:01,7:45
2008,4,24,7:00,7:45
2008,4,25,7:00,7:45
2008,4,26,6:59,7:46
2008,4,27,6:59,7:46
2008,4,28,6:58,7:46
2008,4,29,6:57,7:47
2008,4,30,6:57,7:47
2008,5,1,6:56,7:47
2008,5,2,6:56,7:48
2008,5,3,6:55,7:48
2008,5,4,6:54,7:48
2008,5,5,6:54,7:49
2008,5,6,6:53,7:49
2008,5,7,6:53,7:49
2008,5,8,6:52,7:50
2008,5,9,6:52,7:50
2008,5,10,6:52,7:51
2008,5,11,6:51,7:51
2008,5,12,6:51,7:51
2008,5,13,6:50,7:52
2008,5,14,6:50,7:52
2008,5,15,6:50,7:52
2008,5,16,6:49,7:53
2008,5,17,6:49,7:53
2008,5,18,6:49,7:54
2008,5,19,6:48,7:54
2008,5,20,6:48,7:54
2008,5,21,6:48,7:55
2008,5,22,6:48,7:55
2008,5,23,6:47,7:56
2008,5,24,6:47,7:56
2008,5,25,6:47,7:56
2008,5,26,6:47,7:57
2008,5,27,6:47,7:57
2008,5,28,6:46,7:58
2008,5,29,6:46,7:58
2008,5,30,6:46,7:58
2008,5,31,6:46,7:59
2008,6,1,6:46,7:59
2008,6,2,6:46,7:59
2008,6,3,6:46,8:00
2008,6,4,6:46,8:00
2008,6,5,6:46,8:01
2008,6,6,6:46,8:01
2008,6,7,6:46,8:01
2008,6,8,6:46,8:02
2008,6,9,6:46,8:02
2008,6,10,6:46,8:02
2008,6,11,6:46,8:03
2008,6,12,6:46,8:03
2008,6,13,6:46,8:03
2008,6,14,6:47,8:03
2008,6,15,6:47,8:04
2008,6,16,6:47,8:04
2008,6,17,6:47,8:04
2008,6,18,6:47,8:04
2008,6,19,6:47,8:05
2008,6,20,6:48,8:05
2008,6,21,6:48,8:05
2008,6,22,6:48,8:05
2008,6,23,6:48,8:06
2008,6,24,6:49,8:06
2008,6,25,6:49,8:06
2008,6,26,6:49,8:06
2008,6,27,6:49,8:06
2008,6,28,6:50,8:06
2008,6,29,6:50,8:06
2008,6,30,6:50,8:06
2008,7,1,6:51,8:07
2008,7,2,6:51,8:07
2008,7,3,6:51,8:07
2008,7,4,6:51,8:07
2008,7,5,6:52,8:07
2008,7,6,6:52,8:07
2008,7,7,6:52,8:07
2008,7,8,6:53,8:07
2008,7,9,6:53,8:06
2008,7,10,6:54,8:06
2008,7,11,6:54,8:06
2008,7,12,6:54,8:06
2008,7,13,6:55,8:06
2008,7,14,6:55,8:06
2008,7,15,6:55,8:06
2008,7,16,6:56,8:06
2008,7,17,6:56,8:05
2008,7,18,6:56,8:05
2008,7,19,6:57,8:05
2008,7,20,6:57,8:05
2008,7,21,6:58,8:04
2008,7,22,6:58,8:04
2008,7,23,6:58,8:04
2008,7,24,6:59,8:03
2008,7,25,6:59,8:03
2008,7,26,6:59,8:03
2008,7,27,7:00,8:02
2008,7,28,7:00,8:02
2008,7,29,7:00,8:01
2008,7,30,7:01,8:01
2008,7,31,7:01,8:01
2008,8,1,7:01,8:00
2008,8,2,7:02,8:00
2008,8,3,7:02,7:59
2008,8,4,7:02,7:59
2008,8,5,7:03,7:58
2008,8,6,7:03,7:58
2008,8,7,7:03,7:57
2008,8,8,7:04,7:56
2008,8,9,7:04,7:56
2008,8,10,7:04,7:55
2008,8,11,7:05,7:55
2008,8,12,7:05,7:54
2008,8,13,7:05,7:53
2008,8,14,7:05,7:53
2008,8,15,7:06,7:52
2008,8,16,7:06,7:51
2008,8,17,7:06,7:51
2008,8,18,7:06,7:50
2008,8,19,7:07,7:49
2008,8,20,7:07,7:48
2008,8,21,7:07,7:48
2008,8,22,7:07,7:47
2008,8,23,7:08,7:46
2008,8,24,7:08,7:45
2008,8,25,7:08,7:45
2008,8,26,7:08,7:44
2008,8,27,7:09,7:43
2008,8,28,7:09,7:42
2008,8,29,7:09,7:41
2008,8,30,7:09,7:40
2008,8,31,7:09,7:40
2008,9,1,7:10,7:39
2008,9,2,7:10,7:38
2008,9,3,7:10,7:37
2008,9,4,7:10,7:36
2008,9,5,7:10,7:35
2008,9,6,7:11,7:35
2008,9,7,7:11,7:34
2008,9,8,7:11,7:33
2008,9,9,7:11,7:32
2008,9,10,7:11,7:31
2008,9,11,7:11,7:30
2008,9,12,7:12,7:29
2008,9,13,7:12,7:28
2008,9,14,7:12,7:27
2008,9,15,7:12,7:27
2008,9,16,7:12,7:26
2008,9,17,7:13,7:25
2008,9,18,7:13,7:24
2008,9,19,7:13,7:23
2008,9,20,7:13,7:22
2008,9,21,7:13,7:21
2008,9,22,7:14,7:20
2008,9,23,7:14,7:19
2008,9,24,7:14,7:18
2008,9,25,7:14,7:18
2008,9,26,7:14,7:17
2008,9,27,7:15,7:16
2008,9,28,7:15,7:15
2008,9,29,7:15,7:14
2008,9,30,7:15,7:13
2008,10,1,7:15,7:12
2008,10,2,7:16,7:12
2008,10,3,7:16,7:11
2008,10,4,7:16,7:10
2008,10,5,7:16,7:09
2008,10,6,7:17,7:08
2008,10,7,7:17,7:07
2008,10,8,7:17,7:07
2008,10,9,7:17,7:06
2008,10,10,7:18,7:05
2008,10,11,7:18,7:04
2008,10,12,7:18,7:03
2008,10,13,7:18,7:03
2008,10,14,7:19,7:02
2008,10,15,7:19,7:01
2008,10,16,7:19,7:00
2008,10,17,7:20,7:00
2008,10,18,7:20,6:59
2008,10,19,7:20,6:58
2008,10,20,7:21,6:58
2008,10,21,7:21,6:57
2008,10,22,7:21,6:56
2008,10,23,7:22,6:56
2008,10,24,7:22,6:55
2008,10,25,7:22,6:54
2008,10,26,6:23,5:54
2008,10,27,6:23,5:53
2008,10,28,6:24,5:53
2008,10,29,6:24,5:52
2008,10,30,6:24,5:52
2008,10,31,6:25,5:51
2008,11,1,6:25,5:51
2008,11,2,6:26,5:50
2008,11,3,6:26,5:50
2008,11,4,6:27,5:49
2008,11,5,6:27,5:49
2008,11,6,6:28,5:49
2008,11,7,6:28,5:48
2008,11,8,6:29,5:48
2008,11,9,6:29,5:47
2008,11,10,6:30,5:47
2008,11,11,6:30,5:47
2008,11,12,6:31,5:47
2008,11,13,6:31,5:46
2008,11,14,6:32,5:46
2008,11,15,6:32,5:46
2008,11,16,6:33,5:46
2008,11,17,6:34,5:45
2008,11,18,6:34,5:45
2008,11,19,6:35,5:45
2008,11,20,6:35,5:45
2008,11,21,6:36,5:45
2008,11,22,6:37,5:45
2008,11,23,6:37,5:45
2008,11,24,6:38,5:45
2008,11,25,6:38,5:45
2008,11,26,6:39,5:45
2008,11,27,6:40,5:45
2008,11,28,6:40,5:45
2008,11,29,6:41,5:45
2008,11,30,6:41,5:45
2008,12,1,6:42,5:45
2008,12,2,6:43,5:46
2008,12,3,6:43,5:46
2008,12,4,6:44,5:46
2008,12,5,6:45,5:46
2008,12,6,6:45,5:46
2008,12,7,6:46,5:47
2008,12,8,6:46,5:47
2008,12,9,6:47,5:47
2008,12,10,6:48,5:48
2008,12,11,6:48,5:48
2008,12,12,6:49,5:48
2008,12,13,6:49,5:49
2008,12,14,6:50,5:49
2008,12,15,6:51,5:49
2008,12,16,6:51,5:50
2008,12,17,6:52,5:50
2008,12,18,6:52,5:51
2008,12,19,6:53,5:51
2008,12,20,6:53,5:52
2008,12,21,6:54,5:52
2008,12,22,6:54,5:53
2008,12,23,6:55,5:53
2008,12,24,6:55,5:54
2008,12,25,6:56,5:54
2008,12,26,6:56,5:55
2008,12,27,6:56,5:55
2008,12,28,6:57,5:56
2008,12,29,6:57,5:57
2008,12,30,6:58,5:57
2008,12,31,6:58,5:58
2009,1,1,6:58,5:58
2009,1,2,6:59,5:59
2009,1,3,6:59,6:00
2009,1,4,6:59,6:00
2009,1,5,6:59,6:01
2009,1,6,7:00,6:02
2009,1,7,7:00,6:02
2009,1,8,7:00,6:03
2009,1,9,7:00,6:03
2009,1,10,7:01,6:04
2009,1,11,7:01,6:05
2009,1,12,7:01,6:05
2009,1,13,7:01,6:06
2009,1,14,7:01,6:07
2009,1,15,7:01,6:07
2009,1,16,7:01,6:08
2009,1,17,7:01,6:09
2009,1,18,7:01,6:09
2009,1,19,7:01,6:10
2009,1,20,7:01,6:11
2009,1,21,7:01,6:11
2009,1,22,7:01,6:12
2009,1,23,7:01,6:12
2009,1,24,7:01,6:13
2009,1,25,7:00,6:14
2009,1,26,7:00,6:14
2009,1,27,7:00,6:15
2009,1,28,7:00,6:15
2009,1,29,7:00,6:16
2009,1,30,6:59,6:17
2009,1,31,6:59,6:17
2009,2,1,6:59,6:18
2009,2,2,6:59,6:18
2009,2,3,6:58,6:19
2009,2,4,6:58,6:19
2009,2,5,6:57,6:20
2009,2,6,6:57,6:20
2009,2,7,6:57,6:21
2009,2,8,6:56,6:21
2009,2,9,6:56,6:22
2009,2,10,6:55,6:22
2009,2,11,6:55,6:23
2009,2,12,6:54,6:23
2009,2,13,6:54,6:24
2009,2,14,6:53,6:24
2009,2,15,6:53,6:25
2009,2,16,6:52,6:25
2009,2,17,6:52,6:26
2009,2,18,6:51,6:26
2009,2,19,6:50,6:26
2009,2,20,6:50,6:27
2009,2,21,6:49,6:27
2009,2,22,6:49,6:28
2009,2,23,6:48,6:28
2009,2,24,6:47,6:28
2009,2,25,6:47,6:29
2009,2,26,6:46,6:29
2009,2,27,6:45,6:29
2009,2,28,6:44,6:30
2009,3,1,6:44,6:30
2009,3,2,6:43,6:31
2009,3,3,6:42,6:31
2009,3,4,6:41,6:31
2009,3,5,6:41,6:31
2009,3,6,6:40,6:32
2009,3,7,6:39,6:32
2009,3,8,6:38,6:32
2009,3,9,6:38,6:33
2009,3,10,6:37,6:33
2009,3,11,6:36,6:33
2009,3,12,6:35,6:34
2009,3,13,6:34,6:34
2009,3,14,6:33,6:34
2009,3,15,6:33,6:34
2009,3,16,6:32,6:35
2009,3,17,6:31,6:35
2009,3,18,6:30,6:35
2009,3,19,6:29,6:35
2009,3,20,6:28,6:36
2009,3,21,6:28,6:36
2009,3,22,6:27,6:36
2009,3,23,6:26,6:36
2009,3,24,6:25,6:37
2009,3,25,6:24,6:37
2009,3,26,6:23,6:37
2009,3,27,6:22,6:37
2009,3,28,6:22,6:38
2009,3,29,6:21,6:38
2009,3,30,6:20,6:38
2009,3,31,6:19,6:38
2009,4,1,6:18,6:39
2009,4,2,6:17,6:39
2009,4,3,6:17,6:39
2009,4,4,6:16,6:39
2009,4,5,7:15,7:40
2009,4,6,7:14,7:40
2009,4,7,7:13,7:40
2009,4,8,7:12,7:40
2009,4,9,7:12,7:41
2009,4,10,7:11,7:41
2009,4,11,7:10,7:41
2009,4,12,7:09,7:41
2009,4,13,7:09,7:42
2009,4,14,7:08,7:42
2009,4,15,7:07,7:42
2009,4,16,7:06,7:43
2009,4,17,7:06,7:43
2009,4,18,7:05,7:43
2009,4,19,7:04,7:43
2009,4,20,7:03,7:44
2009,4,21,7:03,7:44
2009,4,22,7:02,7:44
2009,4,23,7:01,7:45
2009,4,24,7:01,7:45
2009,4,25,7:00,7:45
2009,4,26,6:59,7:46
2009,4,27,6:59,7:46
2009,4,28,6:58,7:46
2009,4,29,6:57,7:47
2009,4,30,6:57,7:47
2009,5,1,6:56,7:47
2009,5,2,6:56,7:48
2009,5,3,6:55,7:48
2009,5,4,6:55,7:48
2009,5,5,6:54,7:49
2009,5,6,6:54,7:49
2009,5,7,6:53,7:49
2009,5,8,6:53,7:50
2009,5,9,6:52,7:50
2009,5,10,6:52,7:50
2009,5,11,6:51,7:51
2009,5,12,6:51,7:51
2009,5,13,6:50,7:52
2009,5,14,6:50,7:52
2009,5,15,6:50,7:52
2009,5,16,6:49,7:53
2009,5,17,6:49,7:53
2009,5,18,6:49,7:54
2009,5,19,6:48,7:54
2009,5,20,6:48,7:54
2009,5,21,6:48,7:55
2009,5,22,6:48,7:55
2009,5,23,6:47,7:55
2009,5,24,6:47,7:56
2009,5,25,6:47,7:56
2009,5,26,6:47,7:57
2009,5,27,6:47,7:57
2009,5,28,6:46,7:57
2009,5,29,6:46,7:58
2009,5,30,6:46,7:58
2009,5,31,6:46,7:59
2009,6,1,6:46,7:59
2009,6,2,6:46,7:59
2009,6,3,6:46,8:00
2009,6,4,6:46,8:00
2009,6,5,6:46,8:00
2009,6,6,6:46,8:01
2009,6,7,6:46,8:01
2009,6,8,6:46,8:01
2009,6,9,6:46,8:02
2009,6,10,6:46,8:02
2009,6,11,6:46,8:02
2009,6,12,6:46,8:03
2009,6,13,6:46,8:03
2009,6,14,6:46,8:03
2009,6,15,6:47,8:04
2009,6,16,6:47,8:04
2009,6,17,6:47,8:04
2009,6,18,6:47,8:04
2009,6,19,6:47,8:05
2009,6,20,6:48,8:05
2009,6,21,6:48,8:05
2009,6,22,6:48,8:05
2009,6,23,6:48,8:05
2009,6,24,6:48,8:06
2009,6,25,6:49,8:06
2009,6,26,6:49,8:06
2009,6,27,6:49,8:06
2009,6,28,6:50,8:06
2009,6,29,6:50,8:06
2009,6,30,6:50,8:06
2009,7,1,6:50,8:06
2009,7,2,6:51,8:07
2009,7,3,6:51,8:07
2009,7,4,6:51,8:07
2009,7,5,6:52,8:07
2009,7,6,6:52,8:07
2009,7,7,6:52,8:07
2009,7,8,6:53,8:07
2009,7,9,6:53,8:06
2009,7,10,6:53,8:06
2009,7,11,6:54,8:06
2009,7,12,6:54,8:06
2009,7,13,6:55,8:06
2009,7,14,6:55,8:06
2009,7,15,6:55,8:06
2009,7,16,6:56,8:06
2009,7,17,6:56,8:05
2009,7,18,6:56,8:05
2009,7,19,6:57,8:05
2009,7,20,6:57,8:05
2009,7,21,6:57,8:04
2009,7,22,6:58,8:04
2009,7,23,6:58,8:04
2009,7,24,6:59,8:03
2009,7,25,6:59,8:03
2009,7,26,6:59,8:03
2009,7,27,7:00,8:02
2009,7,28,7:00,8:02
2009,7,29,7:00,8:02
2009,7,30,7:01,8:01
2009,7,31,7:01,8:01
2009,8,1,7:01,8:00
2009,8,2,7:02,8:00
2009,8,3,7:02,7:59
2009,8,4,7:02,7:59
2009,8,5,7:03,7:58
2009,8,6,7:03,7:58
2009,8,7,7:03,7:57
2009,8,8,7:04,7:56
2009,8,9,7:04,7:56
2009,8,10,7:04,7:55
2009,8,11,7:04,7:55
2009,8,12,7:05,7:54
2009,8,13,7:05,7:53
2009,8,14,7:05,7:53
2009,8,15,7:06,7:52
2009,8,16,7:06,7:51
2009,8,17,7:06,7:51
2009,8,18,7:06,7:50
2009,8,19,7:07,7:49
2009,8,20,7:07,7:49
2009,8,21,7:07,7:48
2009,8,22,7:07,7:47
2009,8,23,7:08,7:46
2009,8,24,7:08,7:46
2009,8,25,7:08,7:45
2009,8,26,7:08,7:44
2009,8,27,7:09,7:43
2009,8,28,7:09,7:42
2009,8,29,7:09,7:42
2009,8,30,7:09,7:41
2009,8,31,7:09,7:40
2009,9,1,7:10,7:39
2009,9,2,7:10,7:38
2009,9,3,7:10,7:37
2009,9,4,7:10,7:36
2009,9,5,7:10,7:36
2009,9,6,7:11,7:35
2009,9,7,7:11,7:34
2009,9,8,7:11,7:33
2009,9,9,7:11,7:32
2009,9,10,7:11,7:31
2009,9,11,7:11,7:30
2009,9,12,7:12,7:29
2009,9,13,7:12,7:29
2009,9,14,7:12,7:28
2009,9,15,7:12,7:27
2009,9,16,7:12,7:26
2009,9,17,7:13,7:25
2009,9,18,7:13,7:24
2009,9,19,7:13,7:23
2009,9,20,7:13,7:22
2009,9,21,7:13,7:21
2009,9,22,7:13,7:20
2009,9,23,7:14,7:20
2009,9,24,7:14,7:19
2009,9,25,7:14,7:18
2009,9,26,7:14,7:17
2009,9,27,7:14,7:16
2009,9,28,7:15,7:15
2009,9,29,7:15,7:14
2009,9,30,7:15,7:13
2009,10,1,7:15,7:13
2009,10,2,7:16,7:12
2009,10,3,7:16,7:11
2009,10,4,7:16,7:10
2009,10,5,7:16,7:09
2009,10,6,7:16,7:08
2009,10,7,7:17,7:08
2009,10,8,7:17,7:07
2009,10,9,7:17,7:06
2009,10,10,7:17,7:05
2009,10,11,7:18,7:04
2009,10,12,7:18,7:04
2009,10,13,7:18,7:03
2009,10,14,7:19,7:02
2009,10,15,7:19,7:01
2009,10,16,7:19,7:01
2009,10,17,7:20,7:00
2009,10,18,7:20,6:59
2009,10,19,7:20,6:58
2009,10,20,7:21,6:58
2009,10,21,7:21,6:57
2009,10,22,7:21,6:56
2009,10,23,7:22,6:56
2009,10,24,7:22,6:55
2009,10,25,6:22,5:55
2009,10,26,6:23,5:54
2009,10,27,6:23,5:53
2009,10,28,6:24,5:53
2009,10,29,6:24,5:52
2009,10,30,6:24,5:52
2009,10,31,6:25,5:51
2009,11,1,6:25,5:51
2009,11,2,6:26,5:50
2009,11,3,6:26,5:50
2009,11,4,6:27,5:49
2009,11,5,6:27,5:49
2009,11,6,6:28,5:49
2009,11,7,6:28,5:48
2009,11,8,6:29,5:48
2009,11,9,6:29,5:48
2009,11,10,6:30,5:47
2009,11,11,6:30,5:47
2009,11,12,6:31,5:47
2009,11,13,6:31,5:46
2009,11,14,6:32,5:46
2009,11,15,6:32,5:46
2009,11,16,6:33,5:46
2009,11,17,6:33,5:46
2009,11,18,6:34,5:45
2009,11,19,6:35,5:45
2009,11,20,6:35,5:45
2009,11,21,6:36,5:45
2009,11,22,6:36,5:45
2009,11,23,6:37,5:45
2009,11,24,6:38,5:45
2009,11,25,6:38,5:45
2009,11,26,6:39,5:45
2009,11,27,6:39,5:45
2009,11,28,6:40,5:45
2009,11,29,6:41,5:45
2009,11,30,6:41,5:45
2009,12,1,6:42,5:45
2009,12,2,6:43,5:46
2009,12,3,6:43,5:46
2009,12,4,6:44,5:46
2009,12,5,6:44,5:46
2009,12,6,6:45,5:46
2009,12,7,6:46,5:47
2009,12,8,6:46,5:47
2009,12,9,6:47,5:47
2009,12,10,6:47,5:48
2009,12,11,6:48,5:48
2009,12,12,6:49,5:48
2009,12,13,6:49,5:49
2009,12,14,6:50,5:49
2009,12,15,6:50,5:49
2009,12,16,6:51,5:50
2009,12,17,6:51,5:50
2009,12,18,6:52,5:51
2009,12,19,6:53,5:51
2009,12,20,6:53,5:52
2009,12,21,6:54,5:52
2009,12,22,6:54,5:53
2009,12,23,6:55,5:53
2009,12,24,6:55,5:54
2009,12,25,6:55,5:54
2009,12,26,6:56,5:55
2009,12,27,6:56,5:55
2009,12,28,6:57,5:56
2009,12,29,6:57,5:56
2009,12,30,6:58,5:57
2009,12,31,6:58,5:58
2010,1,1,6:58,5:58
2010,1,2,6:59,5:59
2010,1,3,6:59,6:00
2010,1,4,6:59,6:00
2010,1,5,6:59,6:01
2010,1,6,7:00,6:01
2010,1,7,7:00,6:02
2010,1,8,7:00,6:03
2010,1,9,7:00,6:03
2010,1,10,7:00,6:04
2010,1,11,7:01,6:05
2010,1,12,7:01,6:05
2010,1,13,7:01,6:06
2010,1,14,7:01,6:07
2010,1,15,7:01,6:07
2010,1,16,7:01,6:08
2010,1,17,7:01,6:08
2010,1,18,7:01,6:09
2010,1,19,7:01,6:10
2010,1,20,7:01,6:10
2010,1,21,7:01,6:11
2010,1,22,7:01,6:12
2010,1,23,7:01,6:12
2010,1,24,7:01,6:13
2010,1,25,7:01,6:13
2010,1,26,7:00,6:14
2010,1,27,7:00,6:15
2010,1,28,7:00,6:15
2010,1,29,7:00,6:16
2010,1,30,6:59,6:16
2010,1,31,6:59,6:17
2010,2,1,6:59,6:18
2010,2,2,6:59,6:18
2010,2,3,6:58,6:19
2010,2,4,6:58,6:19
2010,2,5,6:58,6:20
2010,2,6,6:57,6:20
2010,2,7,6:57,6:21
2010,2,8,6:56,6:21
2010,2,9,6:56,6:22
2010,2,10,6:55,6:22
2010,2,11,6:55,6:23
2010,2,12,6:54,6:23
2010,2,13,6:54,6:24
2010,2,14,6:53,6:24
2010,2,15,6:53,6:25
2010,2,16,6:52,6:25
2010,2,17,6:52,6:26
2010,2,18,6:51,6:26
2010,2,19,6:51,6:26
2010,2,20,6:50,6:27
2010,2,21,6:49,6:27
2010,2,22,6:49,6:28
2010,2,23,6:48,6:28
2010,2,24,6:47,6:28
2010,2,25,6:47,6:29
2010,2,26,6:46,6:29
2010,2,27,6:45,6:29
2010,2,28,6:45,6:30
2010,3,1,6:44,6:30
2010,3,2,6:43,6:30
2010,3,3,6:42,6:31
2010,3,4,6:42,6:31
2010,3,5,6:41,6:31
2010,3,6,6:40,6:32
2010,3,7,6:39,6:32
2010,3,8,6:39,6:32
2010,3,9,6:38,6:33
2010,3,10,6:37,6:33
2010,3,11,6:36,6:33
2010,3,12,6:35,6:33
2010,3,13,6:34,6:34
2010,3,14,6:34,6:34
2010,3,15,6:33,6:34
2010,3,16,6:32,6:35
2010,3,17,6:31,6:35
2010,3,18,6:30,6:35
2010,3,19,6:29,6:35
2010,3,20,6:29,6:36
2010,3,21,6:28,6:36
2010,3,22,6:27,6:36
2010,3,23,6:26,6:36
2010,3,24,6:25,6:37
2010,3,25,6:24,6:37
2010,3,26,6:24,6:37
2010,3,27,6:23,6:37
2010,3,28,6:22,6:38
2010,3,29,6:21,6:38
2010,3,30,6:20,6:38
2010,3,31,6:19,6:38
2010,4,1,6:18,6:39
2010,4,2,6:18,6:39
2010,4,3,6:17,6:39
2010,4,4,7:16,7:39
2010,4,5,7:15,7:40
2010,4,6,7:14,7:40
2010,4,7,7:13,7:40
2010,4,8,7:13,7:40
2010,4,9,7:12,7:41
2010,4,10,7:11,7:41
2010,4,11,7:10,7:41
2010,4,12,7:09,7:41
2010,4,13,7:09,7:42
2010,4,14,7:08,7:42
2010,4,15,7:07,7:42
2010,4,16,7:06,7:42
2010,4,17,7:06,7:43
2010,4,18,7:05,7:43
2010,4,19,7:04,7:43
2010,4,20,7:04,7:44
2010,4,21,7:03,7:44
2010,4,22,7:02,7:44
2010,4,23,7:01,7:45
2010,4,24,7:01,7:45
2010,4,25,7:00,7:45
2010,4,26,6:59,7:45
2010,4,27,6:59,7:46
2010,4,28,6:58,7:46
2010,4,29,6:58,7:46
2010,4,30,6:57,7:47
2010,5,1,6:56,7:47
2010,5,2,6:56,7:47
2010,5,3,6:55,7:48
2010,5,4,6:55,7:48
2010,5,5,6:54,7:49
2010,5,6,6:54,7:49
2010,5,7,6:53,7:49
2010,5,8,6:53,7:50
2010,5,9,6:52,7:50
2010,5,10,6:52,7:50
2010,5,11,6:51,7:51
2010,5,12,6:51,7:51
2010,5,13,6:50,7:51
2010,5,14,6:50,7:52
2010,5,15,6:50,7:52
2010,5,16,6:49,7:53
2010,5,17,6:49,7:53
2010,5,18,6:49,7:53
2010,5,19,6:48,7:54
2010,5,20,6:48,7:54
2010,5,21,6:48,7:55
2010,5,22,6:48,7:55
2010,5,23,6:47,7:55
2010,5,24,6:47,7:56
2010,5,25,6:47,7:56
2010,5,26,6:47,7:57
2010,5,27,6:47,7:57
2010,5,28,6:46,7:57
2010,5,29,6:46,7:58
2010,5,30,6:46,7:58
2010,5,31,6:46,7:59
2010,6,1,6:46,7:59
2010,6,2,6:46,7:59
2010,6,3,6:46,8:00
2010,6,4,6:46,8:00
2010,6,5,6:46,8:00
2010,6,6,6:46,8:01
2010,6,7,6:46,8:01
2010,6,8,6:46,8:01
2010,6,9,6:46,8:02
2010,6,10,6:46,8:02
2010,6,11,6:46,8:02
2010,6,12,6:46,8:03
2010,6,13,6:46,8:03
2010,6,14,6:46,8:03
2010,6,15,6:47,8:04
2010,6,16,6:47,8:04
2010,6,17,6:47,8:04
2010,6,18,6:47,8:04
2010,6,19,6:47,8:05
2010,6,20,6:47,8:05
2010,6,21,6:48,8:05
2010,6,22,6:48,8:05
2010,6,23,6:48,8:05
2010,6,24,6:48,8:06
2010,6,25,6:49,8:06
2010,6,26,6:49,8:06
2010,6,27,6:49,8:06
2010,6,28,6:49,8:06
2010,6,29,6:50,8:06
2010,6,30,6:50,8:06
2010,7,1,6:50,8:06
2010,7,2,6:51,8:07
2010,7,3,6:51,8:07
2010,7,4,6:51,8:07
2010,7,5,6:52,8:07
2010,7,6,6:52,8:07
2010,7,7,6:52,8:07
2010,7,8,6:53,8:07
2010,7,9,6:53,8:06
2010,7,10,6:53,8:06
2010,7,11,6:54,8:06
2010,7,12,6:54,8:06
2010,7,13,6:54,8:06
2010,7,14,6:55,8:06
2010,7,15,6:55,8:06
2010,7,16,6:56,8:06
2010,7,17,6:56,8:05
2010,7,18,6:56,8:05
2010,7,19,6:57,8:05
2010,7,20,6:57,8:05
2010,7,21,6:57,8:04
2010,7,22,6:58,8:04
2010,7,23,6:58,8:04
2010,7,24,6:58,8:04
2010,7,25,6:59,8:03
2010,7,26,6:59,8:03
2010,7,27,7:00,8:02
2010,7,28,7:00,8:02
2010,7,29,7:00,8:02
2010,7,30,7:01,8:01
2010,7,31,7:01,8:01
2010,8,1,7:01,8:00
2010,8,2,7:02,8:00
2010,8,3,7:02,7:59
2010,8,4,7:02,7:59
2010,8,5,7:03,7:58
2010,8,6,7:03,7:58
2010,8,7,7:03,7:57
2010,8,8,7:03,7:57
2010,8,9,7:04,7:56
2010,8,10,7:04,7:55
2010,8,11,7:04,7:55
2010,8,12,7:05,7:54
2010,8,13,7:05,7:54
2010,8,14,7:05,7:53
2010,8,15,7:06,7:52
2010,8,16,7:06,7:52
2010,8,17,7:06,7:51
2010,8,18,7:06,7:50
2010,8,19,7:07,7:49
2010,8,20,7:07,7:49
2010,8,21,7:07,7:48
2010,8,22,7:07,7:47
2010,8,23,7:08,7:46
2010,8,24,7:08,7:46
2010,8,25,7:08,7:45
2010,8,26,7:08,7:44
2010,8,27,7:08,7:43
2010,8,28,7:09,7:43
2010,8,29,7:09,7:42
2010,8,30,7:09,7:41
2010,8,31,7:09,7:40
2010,9,1,7:09,7:39
2010,9,2,7:10,7:38
2010,9,3,7:10,7:38
2010,9,4,7:10,7:37
2010,9,5,7:10,7:36
2010,9,6,7:10,7:35
2010,9,7,7:11,7:34
2010,9,8,7:11,7:33
2010,9,9,7:11,7:32
2010,9,10,7:11,7:31
2010,9,11,7:11,7:31
2010,9,12,7:12,7:30
2010,9,13,7:12,7:29
2010,9,14,7:12,7:28
2010,9,15,7:12,7:27
2010,9,16,7:12,7:26
2010,9,17,7:13,7:25
2010,9,18,7:13,7:24
2010,9,19,7:13,7:23
2010,9,20,7:13,7:22
2010,9,21,7:13,7:22
2010,9,22,7:13,7:21
2010,9,23,7:14,7:20
2010,9,24,7:14,7:19
2010,9,25,7:14,7:18
2010,9,26,7:14,7:17
2010,9,27,7:14,7:16
2010,9,28,7:15,7:15
2010,9,29,7:15,7:15
2010,9,30,7:15,7:14
2010,10,1,7:15,7:13
2010,10,2,7:15,7:12
2010,10,3,7:16,7:11
2010,10,4,7:16,7:10
2010,10,5,7:16,7:09
2010,10,6,7:16,7:09
2010,10,7,7:17,7:08
2010,10,8,7:17,7:07
2010,10,9,7:17,7:06
2010,10,10,7:17,7:05
2010,10,11,7:18,7:05
2010,10,12,7:18,7:04
2010,10,13,7:18,7:03
2010,10,14,7:19,7:02
2010,10,15,7:19,7:02
2010,10,16,7:19,7:01
2010,10,17,7:19,7:00
2010,10,18,7:20,6:59
2010,10,19,7:20,6:59
2010,10,20,7:20,6:58
2010,10,21,7:21,6:57
2010,10,22,7:21,6:57
2010,10,23,7:22,6:56
2010,10,24,7:22,6:55
2010,10,25,7:22,6:55
2010,10,26,7:23,6:54
2010,10,27,7:23,6:54
2010,10,28,7:23,6:53
2010,10,29,7:24,6:52
2010,10,30,7:24,6:52
2010,10,31,6:25,5:51
2010,11,1,6:25,5:51
2010,11,2,6:26,5:50
2010,11,3,6:26,5:50
2010,11,4,6:27,5:50
2010,11,5,6:27,5:49
2010,11,6,6:27,5:49
2010,11,7,6:28,5:48
2010,11,8,6:28,5:48
2010,11,9,6:29,5:48
2010,11,10,6:30,5:47
2010,11,11,6:30,5:47
2010,11,12,6:31,5:47
2010,11,13,6:31,5:46
2010,11,14,6:32,5:46
2010,11,15,6:32,5:46
2010,11,16,6:33,5:46
2010,11,17,6:33,5:46
2010,11,18,6:34,5:45
2010,11,19,6:35,5:45
2010,11,20,6:35,5:45
2010,11,21,6:36,5:45
2010,11,22,6:36,5:45
2010,11,23,6:37,5:45
2010,11,24,6:37,5:45
2010,11,25,6:38,5:45
2010,11,26,6:39,5:45
2010,11,27,6:39,5:45
2010,11,28,6:40,5:45
2010,11,29,6:41,5:45
2010,11,30,6:41,5:45
2010,12,1,6:42,5:45
2010,12,2,6:42,5:46
2010,12,3,6:43,5:46
2010,12,4,6:44,5:46
2010,12,5,6:44,5:46
2010,12,6,6:45,5:46
2010,12,7,6:46,5:47
2010,12,8,6:46,5:47
2010,12,9,6:47,5:47
2010,12,10,6:47,5:47
2010,12,11,6:48,5:48
2010,12,12,6:49,5:48
2010,12,13,6:49,5:48
2010,12,14,6:50,5:49
2010,12,15,6:50,5:49
2010,12,16,6:51,5:50
2010,12,17,6:51,5:50
2010,12,18,6:52,5:51
2010,12,19,6:52,5:51
2010,12,20,6:53,5:51
2010,12,21,6:53,5:52
2010,12,22,6:54,5:52
2010,12,23,6:54,5:53
2010,12,24,6:55,5:54
2010,12,25,6:55,5:54
2010,12,26,6:56,5:55
2010,12,27,6:56,5:55
2010,12,28,6:57,5:56
2010,12,29,6:57,5:56
2010,12,30,6:57,5:57
2010,12,31,6:58,5:58
2011,1,1,6:58,5:58
2011,1,2,6:58,5:59
2011,1,3,6:59,5:59
2011,1,4,6:59,6:00
2011,1,5,6:59,6:01
2011,1,6,7:00,6:01
2011,1,7,7:00,6:02
2011,1,8,7:00,6:03
2011,1,9,7:00,6:03
2011,1,10,7:00,6:04
2011,1,11,7:01,6:04
2011,1,12,7:01,6:05
2011,1,13,7:01,6:06
2011,1,14,7:01,6:06
2011,1,15,7:01,6:07
2011,1,16,7:01,6:08
2011,1,17,7:01,6:08
2011,1,18,7:01,6:09
2011,1,19,7:01,6:10
2011,1,20,7:01,6:10
2011,1,21,7:01,6:11
2011,1,22,7:01,6:11
2011,1,23,7:01,6:12
2011,1,24,7:01,6:13
2011,1,25,7:01,6:13
2011,1,26,7:00,6:14
2011,1,27,7:00,6:15
2011,1,28,7:00,6:15
2011,1,29,7:00,6:16
2011,1,30,7:00,6:16
2011,1,31,6:59,6:17
2011,2,1,6:59,6:17
2011,2,2,6:59,6:18
2011,2,3,6:58,6:19
2011,2,4,6:58,6:19
2011,2,5,6:58,6:20
2011,2,6,6:57,6:20
2011,2,7,6:57,6:21
2011,2,8,6:56,6:21
2011,2,9,6:56,6:22
2011,2,10,6:56,6:22
2011,2,11,6:55,6:23
2011,2,12,6:55,6:23
2011,2,13,6:54,6:24
2011,2,14,6:54,6:24
2011,2,15,6:53,6:25
2011,2,16,6:52,6:25
2011,2,17,6:52,6:25
2011,2,18,6:51,6:26
2011,2,19,6:51,6:26
2011,2,20,6:50,6:27
2011,2,21,6:50,6:27
2011,2,22,6:49,6:27
2011,2,23,6:48,6:28
2011,2,24,6:48,6:28
2011,2,25,6:47,6:29
2011,2,26,6:46,6:29
2011,2,27,6:45,6:29
2011,2,28,6:45,6:30
2011,3,1,6:44,6:30
2011,3,2,6:43,6:30
2011,3,3,6:43,6:31
2011,3,4,6:42,6:31
2011,3,5,6:41,6:31
2011,3,6,6:40,6:32
2011,3,7,6:40,6:32
2011,3,8,6:39,6:32
2011,3,9,6:38,6:33
2011,3,10,6:37,6:33
2011,3,11,6:36,6:33
2011,3,12,6:36,6:33
2011,3,13,6:35,6:34
2011,3,14,6:34,6:34
2011,3,15,6:33,6:34
2011,3,16,6:32,6:34
2011,3,17,6:31,6:35
2011,3,18,6:31,6:35
2011,3,19,6:30,6:35
2011,3,20,6:29,6:36
2011,3,21,6:28,6:36
2011,3,22,6:27,6:36
2011,3,23,6:26,6:36
2011,3,24,6:25,6:37
2011,3,25,6:25,6:37
2011,3,26,6:24,6:37
2011,3,27,6:23,6:37
2011,3,28,6:22,6:38
2011,3,29,6:21,6:38
2011,3,30,6:20,6:38
2011,3,31,6:20,6:38
2011,4,1,6:19,6:38
2011,4,2,6:18,6:39
2011,4,3,7:17,7:39
2011,4,4,7:16,7:39
2011,4,5,7:15,7:39
2011,4,6,7:15,7:40
2011,4,7,7:14,7:40
2011,4,8,7:13,7:40
2011,4,9,7:12,7:41
2011,4,10,7:11,7:41
2011,4,11,7:10,7:41
2011,4,12,7:10,7:41
2011,4,13,7:09,7:42
2011,4,14,7:08,7:42
2011,4,15,7:07,7:42
2011,4,16,7:07,7:42
2011,4,17,7:06,7:43
2011,4,18,7:05,7:43
2011,4,19,7:04,7:43
2011,4,20,7:04,7:44
2011,4,21,7:03,7:44
2011,4,22,7:02,7:44
2011,4,23,7:02,7:44
2011,4,24,7:01,7:45
2011,4,25,7:00,7:45
2011,4,26,7:00,7:45
2011,4,27,6:59,7:46
2011,4,28,6:58,7:46
2011,4,29,6:58,7:46
2011,4,30,6:57,7:47
2011,5,1,6:57,7:47
2011,5,2,6:56,7:47
2011,5,3,6:55,7:48
2011,5,4,6:55,7:48
2011,5,5,6:54,7:48
2011,5,6,6:54,7:49
2011,5,7,6:53,7:49
2011,5,8,6:53,7:50
2011,5,9,6:52,7:50
2011,5,10,6:52,7:50
2011,5,11,6:51,7:51
2011,5,12,6:51,7:51
2011,5,13,6:51,7:51
2011,5,14,6:50,7:52
2011,5,15,6:50,7:52
2011,5,16,6:49,7:53
2011,5,17,6:49,7:53
2011,5,18,6:49,7:53
2011,5,19,6:49,7:54
2011,5,20,6:48,7:54
2011,5,21,6:48,7:55
2011,5,22,6:48,7:55
2011,5,23,6:47,7:55
2011,5,24,6:47,7:56
2011,5,25,6:47,7:56
2011,5,26,6:47,7:56
2011,5,27,6:47,7:57
2011,5,28,6:47,7:57
2011,5,29,6:46,7:58
2011,5,30,6:46,7:58
2011,5,31,6:46,7:58
2011,6,1,6:46,7:59
2011,6,2,6:46,7:59
2011,6,3,6:46,8:00
2011,6,4,6:46,8:00
2011,6,5,6:46,8:00
2011,6,6,6:46,8:01
2011,6,7,6:46,8:01
2011,6,8,6:46,8:01
2011,6,9,6:46,8:02
2011,6,10,6:46,8:02
2011,6,11,6:46,8:02
2011,6,12,6:46,8:03
2011,6,13,6:46,8:03
2011,6,14,6:46,8:03
2011,6,15,6:47,8:04
2011,6,16,6:47,8:04
2011,6,17,6:47,8:04
2011,6,18,6:47,8:04
2011,6,19,6:47,8:05
2011,6,20,6:47,8:05
2011,6,21,6:48,8:05
2011,6,22,6:48,8:05
2011,6,23,6:48,8:05
2011,6,24,6:48,8:06
2011,6,25,6:49,8:06
2011,6,26,6:49,8:06
2011,6,27,6:49,8:06
2011,6,28,6:49,8:06
2011,6,29,6:50,8:06
2011,6,30,6:50,8:06
2011,7,1,6:50,8:06
2011,7,2,6:51,8:07
2011,7,3,6:51,8:07
2011,7,4,6:51,8:07
2011,7,5,6:52,8:07
2011,7,6,6:52,8:07
2011,7,7,6:52,8:07
2011,7,8,6:53,8:07
2011,7,9,6:53,8:07
2011,7,10,6:53,8:06
2011,7,11,6:54,8:06
2011,7,12,6:54,8:06
2011,7,13,6:54,8:06
2011,7,14,6:55,8:06
2011,7,15,6:55,8:06
2011,7,16,6:55,8:06
2011,7,17,6:56,8:05
2011,7,18,6:56,8:05
2011,7,19,6:57,8:05
2011,7,20,6:57,8:05
2011,7,21,6:57,8:05
2011,7,22,6:58,8:04
2011,7,23,6:58,8:04
2011,7,24,6:58,8:04
2011,7,25,6:59,8:03
2011,7,26,6:59,8:03
2011,7,27,6:59,8:03
2011,7,28,7:00,8:02
2011,7,29,7:00,8:02
2011,7,30,7:00,8:01
2011,7,31,7:01,8:01
2011,8,1,7:01,8:00
2011,8,2,7:01,8:00
2011,8,3,7:02,7:59
2011,8,4,7:02,7:59
2011,8,5,7:02,7:58
2011,8,6,7:03,7:58
2011,8,7,7:03,7:57
2011,8,8,7:03,7:57
2011,8,9,7:04,7:56
2011,8,10,7:04,7:56
2011,8,11,7:04,7:55
2011,8,12,7:05,7:54
2011,8,13,7:05,7:54
2011,8,14,7:05,7:53
2011,8,15,7:05,7:52
2011,8,16,7:06,7:52
2011,8,17,7:06,7:51
2011,8,18,7:06,7:50
2011,8,19,7:06,7:50
2011,8,20,7:07,7:49
2011,8,21,7:07,7:48
2011,8,22,7:07,7:47
2011,8,23,7:07,7:47
2011,8,24,7:08,7:46
2011,8,25,7:08,7:45
2011,8,26,7:08,7:44
2011,8,27,7:08,7:44
2011,8,28,7:09,7:43
2011,8,29,7:09,7:42
2011,8,30,7:09,7:41
2011,8,31,7:09,7:40
2011,9,1,7:09,7:39
2011,9,2,7:10,7:39
2011,9,3,7:10,7:38
2011,9,4,7:10,7:37
2011,9,5,7:10,7:36
2011,9,6,7:10,7:35
2011,9,7,7:11,7:34
2011,9,8,7:11,7:33
2011,9,9,7:11,7:33
2011,9,10,7:11,7:32
2011,9,11,7:11,7:31
2011,9,12,7:12,7:30
2011,9,13,7:12,7:29
2011,9,14,7:12,7:28
2011,9,15,7:12,7:27
2011,9,16,7:12,7:26
2011,9,17,7:12,7:25
2011,9,18,7:13,7:24
2011,9,19,7:13,7:24
2011,9,20,7:13,7:23
2011,9,21,7:13,7:22
2011,9,22,7:13,7:21
2011,9,23,7:14,7:20
2011,9,24,7:14,7:19
2011,9,25,7:14,7:18
2011,9,26,7:14,7:17
2011,9,27,7:14,7:16
2011,9,28,7:15,7:16
2011,9,29,7:15,7:15
2011,9,30,7:15,7:14
2011,10,1,7:15,7:13
2011,10,2,7:15,7:12
2011,10,3,7:16,7:11
2011,10,4,7:16,7:10
2011,10,5,7:16,7:10
2011,10,6,7:16,7:09
2011,10,7,7:17,7:08
2011,10,8,7:17,7:07
2011,10,9,7:17,7:06
2011,10,10,7:17,7:06
2011,10,11,7:18,7:05
2011,10,12,7:18,7:04
2011,10,13,7:18,7:03
2011,10,14,7:18,7:02
2011,10,15,7:19,7:02
2011,10,16,7:19,7:01
2011,10,17,7:19,7:00
2011,10,18,7:20,6:59
2011,10,19,7:20,6:59
2011,10,20,7:20,6:58
2011,10,21,7:21,6:57
2011,10,22,7:21,6:57
2011,10,23,7:21,6:56
2011,10,24,7:22,6:56
2011,10,25,7:22,6:55
2011,10,26,7:23,6:54
2011,10,27,7:23,6:54
2011,10,28,7:23,6:53
2011,10,29,7:24,6:53
2011,10,30,6:24,5:52
2011,10,31,6:25,5:52
2011,11,1,6:25,5:51
2011,11,2,6:25,5:51
2011,11,3,6:26,5:50
2011,11,4,6:26,5:50
2011,11,5,6:27,5:49
2011,11,6,6:27,5:49
2011,11,7,6:28,5:48
2011,11,8,6:28,5:48
2011,11,9,6:29,5:48
2011,11,10,6:29,5:47
2011,11,11,6:30,5:47
2011,11,12,6:30,5:47
2011,11,13,6:31,5:46
2011,11,14,6:32,5:46
2011,11,15,6:32,5:46
2011,11,16,6:33,5:46
2011,11,17,6:33,5:46
2011,11,18,6:34,5:45
2011,11,19,6:34,5:45
2011,11,20,6:35,5:45
2011,11,21,6:36,5:45
2011,11,22,6:36,5:45
2011,11,23,6:37,5:45
2011,11,24,6:37,5:45
2011,11,25,6:38,5:45
2011,11,26,6:39,5:45
2011,11,27,6:39,5:45
2011,11,28,6:40,5:45
2011,11,29,6:40,5:45
2011,11,30,6:41,5:45
2011,12,1,6:42,5:45
2011,12,2,6:42,5:45
2011,12,3,6:43,5:46
2011,12,4,6:44,5:46
2011,12,5,6:44,5:46
2011,12,6,6:45,5:46
2011,12,7,6:45,5:47
2011,12,8,6:46,5:47
2011,12,9,6:47,5:47
2011,12,10,6:47,5:47
2011,12,11,6:48,5:48
2011,12,12,6:48,5:48
2011,12,13,6:49,5:48
2011,12,14,6:50,5:49
2011,12,15,6:50,5:49
2011,12,16,6:51,5:50
2011,12,17,6:51,5:50
2011,12,18,6:52,5:50
2011,12,19,6:52,5:51
2011,12,20,6:53,5:51
2011,12,21,6:53,5:52
2011,12,22,6:54,5:52
2011,12,23,6:54,5:53
2011,12,24,6:55,5:53
2011,12,25,6:55,5:54
2011,12,26,6:56,5:54
2011,12,27,6:56,5:55
2011,12,28,6:57,5:56
2011,12,29,6:57,5:56
2011,12,30,6:57,5:57
2011,12,31,6:58,5:57
2012,1,1,6:58,5:58
2012,1,2,6:58,5:59
2012,1,3,6:59,5:59
2012,1,4,6:59,6:00
2012,1,5,6:59,6:00
2012,1,6,7:00,6:01
2012,1,7,7:00,6:02
2012,1,8,7:00,6:02
2012,1,9,7:00,6:03
2012,1,10,7:00,6:04
2012,1,11,7:01,6:04
2012,1,12,7:01,6:05
2012,1,13,7:01,6:06
2012,1,14,7:01,6:06
2012,1,15,7:01,6:07
2012,1,16,7:01,6:08
2012,1,17,7:01,6:08
2012,1,18,7:01,6:09
2012,1,19,7:01,6:09
2012,1,20,7:01,6:10
2012,1,21,7:01,6:11
2012,1,22,7:01,6:11
2012,1,23,7:01,6:12
2012,1,24,7:01,6:13
2012,1,25,7:01,6:13
2012,1,26,7:00,6:14
2012,1,27,7:00,6:14
2012,1,28,7:00,6:15
2012,1,29,7:00,6:16
2012,1,30,7:00,6:16
2012,1,31,6:59,6:17
2012,2,1,6:59,6:17
2012,2,2,6:59,6:18
2012,2,3,6:58,6:18
2012,2,4,6:58,6:19
2012,2,5,6:58,6:20
2012,2,6,6:57,6:20
2012,2,7,6:57,6:21
2012,2,8,6:57,6:21
2012,2,9,6:56,6:22
2012,2,10,6:56,6:22
2012,2,11,6:55,6:23
2012,2,12,6:55,6:23
2012,2,13,6:54,6:23
2012,2,14,6:54,6:24
2012,2,15,6:53,6:24
2012,2,16,6:53,6:25
2012,2,17,6:52,6:25
2012,2,18,6:51,6:26
2012,2,19,6:51,6:26
2012,2,20,6:50,6:27
2012,2,21,6:50,6:27
2012,2,22,6:49,6:27
2012,2,23,6:48,6:28
2012,2,24,6:48,6:28
2012,2,25,6:47,6:29
2012,2,26,6:46,6:29
2012,2,27,6:46,6:29
2012,2,28,6:45,6:30
2012,2,29,6:44,6:30
2012,3,1,6:43,6:30
2012,3,2,6:43,6:31
2012,3,3,6:42,6:31
2012,3,4,6:41,6:31
2012,3,5,6:40,6:32
2012,3,6,6:40,6:32
2012,3,7,6:39,6:32
2012,3,8,6:38,6:32
2012,3,9,6:37,6:33
2012,3,10,6:37,6:33
2012,3,11,6:36,6:33
2012,3,12,6:35,6:34
2012,3,13,6:34,6:34
2012,3,14,6:33,6:34
2012,3,15,6:32,6:34
2012,3,16,6:32,6:35
2012,3,17,6:31,6:35
2012,3,18,6:30,6:35
2012,3,19,6:29,6:35
2012,3,20,6:28,6:36
2012,3,21,6:27,6:36
2012,3,22,6:27,6:36
2012,3,23,6:26,6:36
2012,3,24,6:25,6:37
2012,3,25,6:24,6:37
2012,3,26,6:23,6:37
2012,3,27,6:22,6:37
2012,3,28,6:21,6:38
2012,3,29,6:21,6:38
2012,3,30,6:20,6:38
2012,3,31,6:19,6:38
2012,4,1,7:18,7:39
2012,4,2,7:17,7:39
2012,4,3,7:16,7:39
2012,4,4,7:16,7:39
2012,4,5,7:15,7:40
2012,4,6,7:14,7:40
2012,4,7,7:13,7:40
2012,4,8,7:12,7:40
2012,4,9,7:11,7:41
2012,4,10,7:11,7:41
2012,4,11,7:10,7:41
2012,4,12,7:09,7:41
2012,4,13,7:08,7:42
2012,4,14,7:08,7:42
2012,4,15,7:07,7:42
2012,4,16,7:06,7:43
2012,4,17,7:05,7:43
2012,4,18,7:05,7:43
2012,4,19,7:04,7:43
2012,4,20,7:03,7:44
2012,4,21,7:02,7:44
2012,4,22,7:02,7:44
2012,4,23,7:01,7:45
2012,4,24,7:00,7:45
2012,4,25,7:00,7:45
2012,4,26,6:59,7:46
2012,4,27,6:58,7:46
2012,4,28,6:58,7:46
2012,4,29,6:57,7:47
2012,4,30,6:57,7:47
2012,5,1,6:56,7:47
2012,5,2,6:56,7:48
2012,5,3,6:55,7:48
2012,5,4,6:54,7:48
2012,5,5,6:54,7:49
2012,5,6,6:53,7:49
2012,5,7,6:53,7:49
2012,5,8,6:52,7:50
2012,5,9,6:52,7:50
2012,5,10,6:52,7:51
2012,5,11,6:51,7:51
2012,5,12,6:51,7:51
2012,5,13,6:50,7:52
2012,5,14,6:50,7:52
2012,5,15,6:50,7:52
2012,5,16,6:49,7:53
2012,5,17,6:49,7:53
2012,5,18,6:49,7:54
2012,5,19,6:48,7:54
2012,5,20,6:48,7:54
2012,5,21,6:48,7:55
2012,5,22,6:48,7:55
2012,5,23,6:47,7:56
2012,5,24,6:47,7:56
2012,5,25,6:47,7:56
2012,5,26,6:47,7:57
2012,5,27,6:47,7:57
2012,5,28,6:46,7:58
2012,5,29,6:46,7:58
2012,5,30,6:46,7:58
2012,5,31,6:46,7:59
2012,6,1,6:46,7:59
2012,6,2,6:46,7:59
2012,6,3,6:46,8:00
2012,6,4,6:46,8:00
2012,6,5,6:46,8:01
2012,6,6,6:46,8:01
2012,6,7,6:46,8:01
2012,6,8,6:46,8:02
2012,6,9,6:46,8:02
2012,6,10,6:46,8:02
2012,6,11,6:46,8:03
2012,6,12,6:46,8:03
2012,6,13,6:46,8:03
2012,6,14,6:47,8:03
2012,6,15,6:47,8:04
2012,6,16,6:47,8:04
2012,6,17,6:47,8:04
2012,6,18,6:47,8:04
2012,6,19,6:47,8:05
2012,6,20,6:48,8:05
2012,6,21,6:48,8:05
2012,6,22,6:48,8:05
2012,6,23,6:48,8:06
2012,6,24,6:49,8:06
2012,6,25,6:49,8:06
2012,6,26,6:49,8:06
2012,6,27,6:49,8:06
2012,6,28,6:50,8:06
2012,6,29,6:50,8:06
2012,6,30,6:50,8:06
2012,7,1,6:51,8:06
2012,7,2,6:51,8:07
2012,7,3,6:51,8:07
2012,7,4,6:51,8:07
2012,7,5,6:52,8:07
2012,7,6,6:52,8:07
2012,7,7,6:52,8:07
2012,7,8,6:53,8:07
2012,7,9,6:53,8:06
2012,7,10,6:54,8:06
2012,7,11,6:54,8:06
2012,7,12,6:54,8:06
2012,7,13,6:55,8:06
2012,7,14,6:55,8:06
2012,7,15,6:55,8:06
2012,7,16,6:56,8:05
2012,7,17,6:56,8:05
2012,7,18,6:56,8:05
2012,7,19,6:57,8:05
2012,7,20,6:57,8:05
2012,7,21,6:58,8:04
2012,7,22,6:58,8:04
2012,7,23,6:58,8:04
2012,7,24,6:59,8:03
2012,7,25,6:59,8:03
2012,7,26,6:59,8:03
2012,7,27,7:00,8:02
2012,7,28,7:00,8:02
2012,7,29,7:00,8:01
2012,7,30,7:01,8:01
2012,7,31,7:01,8:01
2012,8,1,7:01,8:00
2012,8,2,7:02,8:00
2012,8,3,7:02,7:59
2012,8,4,7:02,7:59
2012,8,5,7:03,7:58
2012,8,6,7:03,7:57
2012,8,7,7:03,7:57
2012,8,8,7:04,7:56
2012,8,9,7:04,7:56
2012,8,10,7:04,7:55
2012,8,11,7:04,7:54
2012,8,12,7:05,7:54
2012,8,13,7:05,7:53
2012,8,14,7:05,7:53
2012,8,15,7:06,7:52
2012,8,16,7:06,7:51
2012,8,17,7:06,7:50
2012,8,18,7:06,7:50
2012,8,19,7:07,7:49
2012,8,20,7:07,7:48
2012,8,21,7:07,7:48
2012,8,22,7:07,7:47
2012,8,23,7:08,7:46
2012,8,24,7:08,7:45
2012,8,25,7:08,7:45
2012,8,26,7:08,7:44
2012,8,27,7:09,7:43
2012,8,28,7:09,7:42
2012,8,29,7:09,7:41
2012,8,30,7:09,7:40
2012,8,31,7:09,7:40
2012,9,1,7:10,7:39
2012,9,2,7:10,7:38
2012,9,3,7:10,7:37
2012,9,4,7:10,7:36
2012,9,5,7:10,7:35
2012,9,6,7:11,7:34
2012,9,7,7:11,7:34
2012,9,8,7:11,7:33
2012,9,9,7:11,7:32
2012,9,10,7:11,7:31
2012,9,11,7:11,7:30
2012,9,12,7:12,7:29
2012,9,13,7:12,7:28
2012,9,14,7:12,7:27
2012,9,15,7:12,7:27
2012,9,16,7:12,7:26
2012,9,17,7:13,7:25
2012,9,18,7:13,7:24
2012,9,19,7:13,7:23
2012,9,20,7:13,7:22
2012,9,21,7:13,7:21
2012,9,22,7:14,7:20
2012,9,23,7:14,7:19
2012,9,24,7:14,7:18
2012,9,25,7:14,7:18
2012,9,26,7:14,7:17
2012,9,27,7:15,7:16
2012,9,28,7:15,7:15
2012,9,29,7:15,7:14
2012,9,30,7:15,7:13
2012,10,1,7:15,7:12
2012,10,2,7:16,7:11
2012,10,3,7:16,7:11
2012,10,4,7:16,7:10
2012,10,5,7:16,7:09
2012,10,6,7:17,7:08
2012,10,7,7:17,7:07
2012,10,8,7:17,7:07
2012,10,9,7:17,7:06
2012,10,10,7:18,7:05
2012,10,11,7:18,7:04
2012,10,12,7:18,7:03
2012,10,13,7:18,7:03
2012,10,14,7:19,7:02
2012,10,15,7:19,7:01
2012,10,16,7:19,7:00
2012,10,17,7:20,7:00
2012,10,18,7:20,6:59
2012,10,19,7:20,6:58
2012,10,20,7:21,6:58
2012,10,21,7:21,6:57
2012,10,22,7:21,6:56
2012,10,23,7:22,6:56
2012,10,24,7:22,6:55
2012,10,25,7:22,6:54
2012,10,26,7:23,6:54
2012,10,27,7:23,6:53
2012,10,28,6:24,5:53
2012,10,29,6:24,5:52
2012,10,30,6:24,5:52
2012,10,31,6:25,5:51
2012,11,1,6:25,5:51
2012,11,2,6:26,5:50
2012,11,3,6:26,5:50
2012,11,4,6:27,5:49
2012,11,5,6:27,5:49
2012,11,6,6:28,5:48
2012,11,7,6:28,5:48
2012,11,8,6:29,5:48
2012,11,9,6:29,5:47
2012,11,10,6:30,5:47
2012,11,11,6:30,5:47
2012,11,12,6:31,5:47
2012,11,13,6:31,5:46
2012,11,14,6:32,5:46
2012,11,15,6:33,5:46
2012,11,16,6:33,5:46
2012,11,17,6:34,5:46
2012,11,18,6:34,5:45
2012,11,19,6:35,5:45
2012,11,20,6:35,5:45
2012,11,21,6:36,5:45
2012,11,22,6:37,5:45
2012,11,23,6:37,5:45
2012,11,24,6:38,5:45
2012,11,25,6:38,5:45
2012,11,26,6:39,5:45
2012,11,27,6:40,5:45
2012,11,28,6:40,5:45
2012,11,29,6:41,5:45
2012,11,30,6:42,5:45
2012,12,1,6:42,5:45
2012,12,2,6:43,5:46
2012,12,3,6:43,5:46
2012,12,4,6:44,5:46
2012,12,5,6:45,5:46
2012,12,6,6:45,5:46
2012,12,7,6:46,5:47
2012,12,8,6:46,5:47
2012,12,9,6:47,5:47
2012,12,10,6:48,5:48
2012,12,11,6:48,5:48
2012,12,12,6:49,5:48
2012,12,13,6:49,5:49
2012,12,14,6:50,5:49
2012,12,15,6:51,5:49
2012,12,16,6:51,5:50
2012,12,17,6:52,5:50
2012,12,18,6:52,5:51
2012,12,19,6:53,5:51
2012,12,20,6:53,5:52
2012,12,21,6:54,5:52
2012,12,22,6:54,5:53
2012,12,23,6:55,5:53
2012,12,24,6:55,5:54
2012,12,25,6:56,5:54
2012,12,26,6:56,5:55
2012,12,27,6:56,5:55
2012,12,28,6:57,5:56
2012,12,29,6:57,5:57
2012,12,30,6:58,5:57
2012,12,31,6:58,5:58
